geonameid	name	asciiname	alternatenames_cjk	latitude	longitude	feature_code	country	admin1	population	timezone	modified
2147714	Sydney	Sydney	悉尼,雪梨	-33.86785	151.20732	PPLA	AU	02	5638830	Australia/Sydney	2026-06-24
2158177	Melbourne	Melbourne	墨尔本,墨爾本,新金山	-37.814	144.96332	PPLA	AU	07	5435590	Australia/Melbourne	2026-06-24
2174003	Brisbane	Brisbane	布里司班,布里斯本,布里斯班	-27.46794	153.02809	PPLA	AU	04	2780063	Australia/Brisbane	2026-07-03
2063523	Perth	Perth	珀斯	-31.95224	115.8614	PPLA	AU	08	2384371	Australia/Perth	2026-06-24
2078025	Adelaide	Adelaide	阿德来得,阿德莱德	-34.92866	138.59863	PPLA	AU	05	1469163	Australia/Adelaide	2026-06-24
2165087	Gold Coast	Gold Coast	黃金海岸,黄金海岸	-28.00029	153.43088	PPL	AU	04	640778	Australia/Brisbane	2022-07-15
2155472	Newcastle	Newcastle	纽卡斯尔	-32.92953	151.7801	PPLA2	AU	02	508437	Australia/Sydney	2026-04-16
10630449	Sunshine Coast	Sunshine Coast		-26.65682	153.07955	PPLA2	AU	04	398840	Australia/Brisbane	2026-06-25
2172517	Canberra	Canberra	坎培拉,堪培拉	-35.28346	149.12807	PPLC	AU	01	367752	Australia/Sydney	2019-09-05
8310663	Central Coast	Central Coast		-33.42979	151.37144	PPL	AU	02	346596	Australia/Sydney	2026-09-14
6167865	Toronto	Toronto	多伦多,多倫多	43.70643	-79.39864	PPLA	CA	08	2794356	America/Toronto	2026-04-13
6077243	Montréal	Montreal	蒙特利尔	45.50884	-73.58781	PPLA2	CA	10	1762949	America/Toronto	2026-02-23
5913490	Calgary	Calgary	卡加利,卡尔加里	51.05011	-114.08529	PPL	CA	01	1306784	America/Edmonton	2026-01-20
6094817	Ottawa	Ottawa	渥太華	45.41117	-75.69812	PPLC	CA	08	1017449	America/Toronto	2025-08-04
5946768	Edmonton	Edmonton	埃德蒙顿	53.55014	-113.46871	PPLA	CA	01	1010899	America/Edmonton	2026-04-13
6183235	Winnipeg	Winnipeg	温尼伯	49.8844	-97.14704	PPLA	CA	03	749607	America/Winnipeg	2026-04-13
6075357	Mississauga	Mississauga	密西沙加	43.5789	-79.6583	PPL	CA	08	717961	America/Toronto	2026-08-02
6173331	Vancouver	Vancouver	溫哥華	49.24966	-123.11934	PPL	CA	02	662248	America/Vancouver	2025-08-04
5969782	Hamilton	Hamilton	哈密尔顿	43.25011	-79.84963	PPL	CA	08	569353	America/Toronto	2026-08-02
6159905	Surrey	Surrey	素里	49.10635	-122.82509	PPL	CA	02	568322	America/Vancouver	2025-09-17
6325494	Québec	Quebec	魁北克市	46.81228	-71.21454	PPLA	CA	10	531902	America/Toronto	2026-04-13
6324729	Halifax	Halifax		44.64269	-63.57688	PPLA	CA	07	471559	America/Halifax	2026-04-13
1796236	Shanghai	Shanghai	上海,上海市,中国上海,沪	31.22222	121.45806	PPLA	CN	23	24874500	Asia/Shanghai	2026-08-26
1814906	Chongqing	Chongqing	重庆,重庆市,重慶,重慶市	29.56026	106.55771	PPLA	CN	33	22000000	Asia/Shanghai	2026-09-01
1815286	Chengdu	Chengdu	天府,成都,成都市	30.66667	104.06667	PPLA	CN	32	20937757	Asia/Shanghai	2026-08-26
1816670	Beijing	Beijing	北京,北京市	39.9075	116.39723	PPLC	CN	22	18960744	Asia/Shanghai	2025-12-15
1809858	Guangzhou	Guangzhou	广州,广州市,広州,広州市,廣州,廣州市	23.11667	113.25	PPLA	CN	30	18676605	Asia/Shanghai	2026-08-26
1795565	Shenzhen	Shenzhen	宝安,寶安,新安,深圳,深圳市	22.54554	114.0683	PPLA2	CN	30	17494398	Asia/Shanghai	2025-10-22
1792947	Tianjin	Tianjin	天津,天津市	39.14222	117.17667	PPLA	CN	28	13866009	Asia/Shanghai	2026-08-26
1791247	Wuhan	Wuhan	武汉,武汉市,武漢,武漢市	30.58333	114.26667	PPLA	CN	12	13739000	Asia/Shanghai	2026-08-26
1790630	Xi’an	Xi'an	西安,西安市	34.25833	108.92861	PPLA	CN	26	12952907	Asia/Shanghai	2026-08-26
1808926	Hangzhou	Hangzhou	杭州,杭州市	30.29365	120.16142	PPLA	CN	02	11936010	Asia/Shanghai	2026-08-26
2037013	Harbin	Harbin	哈尔滨,哈尔滨市,哈爾濱	45.75	126.65	PPLA	CN	08	10009854	Asia/Shanghai	2026-08-26
1812545	Dongguan	Dongguan	东莞,东莞市,東莞,東莞市	23.01797	113.74866	PPLA2	CN	30	9644871	Asia/Shanghai	2024-03-26
1808722	Hefei	Hefei	合肥,合肥市	31.86389	117.28083	PPLA	CN	01	9465881	Asia/Shanghai	2026-08-26
1791681	Weifang	Weifang	潍坊,潍坊市,濰坊	36.71	119.10194	PPL	CN	25	9386705	Asia/Shanghai	2026-08-25
1799962	Nanjing	Nanjing	南京,南京市	32.06167	118.77778	PPLA	CN	04	9314685	Asia/Shanghai	2026-04-13
2034937	Shenyang	Shenyang	沈阳,沈阳市,瀋陽,瀋陽市	41.79222	123.43278	PPLA	CN	19	9070093	Asia/Shanghai	2026-08-26
1805753	Jinan	Jinan	济南,济南市,済南,済南市,濟南,濟南市	36.66833	116.99722	PPLA	CN	25	8352574	Asia/Shanghai	2026-09-02
1814087	Dalian	Dalian	大连,大连市,大連,大連市,旅大	38.91222	121.60222	PPL	CN	19	7450785	Asia/Shanghai	2026-08-25
1790842	Wuzhong	Wuzhong	吴忠,吴忠市,吴忠镇	37.9867	106.201	PPLA2	CN	21	7202654	Asia/Shanghai	2026-08-13
1797929	Qingdao	Qingdao	青岛,青岛市,青島,青島市	36.06488	120.38042	PPLA2	CN	25	7172451	Asia/Shanghai	2024-03-26
1787093	Yantai	Yantai	烟台,烟台市,煙台市,煙臺	37.47649	121.44081	PPL	CN	25	7102100	Asia/Shanghai	2026-08-25
1886760	Suzhou	Suzhou	苏州,苏州市,蘇州,蘇州市	31.30408	120.59538	PPLA2	CN	04	6715559	Asia/Shanghai	2024-03-26
1784658	Zhengzhou	Zhengzhou	郑州,郑州市,鄭州,鄭州市	34.75778	113.64861	PPLA	CN	09	6650532	Asia/Shanghai	2026-09-02
1799869	Nanning	Nanning	南宁,南宁市,南寧,南寧市	22.81667	108.31667	PPLA	CN	16	5977185	Asia/Shanghai	2026-09-02
1804651	Kunming	Kunming	昆明,昆明市	25.03889	102.71833	PPLA	CN	29	5950578	Asia/Shanghai	2026-09-02
1795270	Shijiazhuang	Shijiazhuang	石家庄,石家庄市,石家荘,石家荘市,石家莊,石家莊市	38.04139	114.47861	PPLA	CN	10	5758403	Asia/Shanghai	2026-09-02
2038180	Changchun	Changchun	長春,長春市,长春,长春市	43.88	125.32278	PPLA	CN	05	5691024	Asia/Shanghai	2026-09-02
1793511	Taiyuan	Taiyuan	太原,太原市	37.86944	112.56028	PPLA	CN	24	5305061	Asia/Shanghai	2026-08-26
1785286	Zibo	Zibo	淄博,淄博市	36.79056	118.06333	PPL	CN	25	4704138	Asia/Shanghai	2026-08-25
1790645	Xiamen	Xiamen	厦门,厦门市,廈門,廈門市	24.47979	118.08187	PPLA2	CN	07	4617251	Asia/Shanghai	2024-09-05
1787227	Yangzhou	Yangzhou	扬州,扬州市,揚州,揚州市	32.39722	119.43583	PPL	CN	04	4559797	Asia/Shanghai	2026-08-25
1797873	Huai'an	Huai'an	淮安,淮安市	33.58861	119.01917	PPL	CN	04	4556230	Asia/Shanghai	2026-08-25
1809461	Guiyang	Guiyang	貴陽,貴陽市,贵阳,贵阳市	26.58333	106.71667	PPLA	CN	18	4506134	Asia/Shanghai	2026-09-02
1790923	Wuxi	Wuxi	无锡,无锡市,無錫,無錫市	31.56887	120.28857	PPLA2	CN	04	4396835	Asia/Shanghai	2025-02-26
1804430	Lanzhou	Lanzhou	兰州,兰州市,蘭州,蘭州市	36.05701	103.83987	PPLA	CN	15	4359446	Asia/Shanghai	2026-08-26
1810821	Fuzhou	Fuzhou	福州,福州市	26.06139	119.30611	PPLA	CN	07	4094491	Asia/Shanghai	2026-09-02
1529102	Ürümqi	UEruemqi	乌鲁木齐,乌鲁木齐市,烏魯木齊,烏魯木齊市,迪化	43.80096	87.60046	PPLA	CN	13	4054000	Asia/Urumqi	2026-08-26
1785453	Zaozhuang	Zaozhuang	枣庄市,棗荘市,棗莊	34.86472	117.55417	PPL	CN	25	3855601	Asia/Shanghai	2026-08-25
6986104	Zhongshan	Zhongshan	中山,中山市	22.52306	113.37912	PPLA2	CN	30	3841873	Asia/Shanghai	2024-10-08
1795940	Shantou	Shantou	汕头,汕头市,汕頭,汕頭市,潮汕	23.35489	116.67876	PPLA2	CN	30	3838900	Asia/Shanghai	2025-10-26
1799397	Ningbo	Ningbo	宁波,宁波市,寧波,寧波市	29.87819	121.54945	PPLA2	CN	02	3731203	Asia/Shanghai	2024-12-12
1798425	Puyang	Puyang	浦阳,浦阳街道	29.45679	119.88872	PPLA3	CN	02	3590000	Asia/Shanghai	2026-09-14
1794903	Shiyan	Shiyan	十堰,十堰市	32.6475	110.77806	PPLA2	CN	12	3460000	Asia/Shanghai	2018-12-06
2036892	Hohhot	Hohhot	呼和浩特,呼和浩特市,呼市	40.81056	111.65222	PPLA	CN	20	3446100	Asia/Shanghai	2026-08-26
1793346	Tangshan	Tangshan	唐山,唐山市	39.64381	118.18319	PPLA2	CN	10	3372102	Asia/Shanghai	2025-05-23
13512505	Lüliang	Lueliang	吕梁市	37.5192	111.14436	PPLA2	CN	24	3346500	Asia/Shanghai	2026-09-14
2038632	Anshan	Anshan	鞍山,鞍山市	41.12361	122.99	PPL	CN	19	3325372	Asia/Shanghai	2026-08-25
1815456	Changzhou	Changzhou	常州,常州市	31.77359	119.95401	PPLA2	CN	04	3290918	Asia/Shanghai	2025-03-09
2037799	Datong	Datong	大同市	40.09361	113.29139	PPL	CN	24	3105591	Asia/Shanghai	2026-08-25
1815577	Changsha	Changsha	長沙,長沙市,长沙,长沙市	28.19874	112.97087	PPLA	CN	11	3093980	Asia/Shanghai	2026-04-13
1807681	Huainan	Huainan	淮南市	32.62639	116.99694	PPL	CN	01	3033528	Asia/Shanghai	2026-09-14
1809078	Haikou	Haikou	海口,海口市	20.03421	110.34651	PPLA	CN	31	3001600	Asia/Shanghai	2026-08-26
1806776	Huizhou	Huizhou	恵州,恵州市,惠州,惠州市	23.11147	114.41523	PPLA2	CN	30	2900113	Asia/Shanghai	2025-11-01
1786657	Yinchuan	Yinchuan	銀川,銀川市,银川,银川市	38.46806	106.27306	PPLA	CN	21	2859074	Asia/Shanghai	2026-08-26
2038432	Baotou	Baotou	包头,包头市,包頭,包頭市	40.6516	109.84389	PPL	CN	20	2761700	Asia/Shanghai	2026-08-25
1803318	Linyi	Linyi	临沂,临沂市,臨沂,臨沂市	35.06306	118.34278	PPLA2	CN	25	2743843	Asia/Shanghai	2024-07-20
1816971	Baoding	Baoding	保定,保定市	38.87288	115.46246	PPLA2	CN	10	2739887	Asia/Shanghai	2025-11-04
11995100	Bazhong	Bazhong	巴中,巴中市	31.8694	106.74432	PPLA2	CN	32	2712894	Asia/Shanghai	2026-04-17
1791388	Wenzhou	Wenzhou	温州,温州市,溫州市	27.99942	120.66682	PPLA3	CN	02	2650000	Asia/Shanghai	2026-04-05
1785725	Yunfu	Yunfu	云浮,云浮市,雲浮,雲浮市	22.92787	112.03809	PPLA2	CN	30	2612800	Asia/Shanghai	2022-02-17
1788852	Xining	Xining	西宁,西宁市,西寧,西寧市	36.62554	101.75739	PPLA	CN	06	2467965	Asia/Shanghai	2026-08-26
1800163	Nanchang	Nanchang	南昌,南昌市	28.68396	115.85306	PPLA	CN	03	2357839	Asia/Shanghai	2026-04-13
1795855	Shaoxing	Shaoxing	紹興,紹興市,绍兴,绍兴市	30.00237	120.57864	PPLA3	CN	02	2300000	Asia/Shanghai	2025-10-18
1799722	Nantong	Nantong	南通,南通市	32.03028	120.87472	PPLA2	CN	04	2273326	Asia/Shanghai	2025-03-09
8347664	Ordos	Ordos	鄂尔多斯市	39.6086	109.78157	PPL	CN	20	2153638	Asia/Shanghai	2026-08-25
12359313	Qingyang	Qingyang	庆阳,庆阳市	35.70976	107.64455	PPLA2	CN	15	2125400	Asia/Shanghai	2026-09-14
1785623	Kunshan	Kunshan	崑山,崑山市,昆山,昆山市,玉山	31.37762	120.95431	PPLA3	CN	04	2092496	Asia/Shanghai	2026-01-20
1783621	Zunyi	Zunyi	遵义,遵义市,遵義,遵義市	27.68667	106.90722	PPLA2	CN	18	2037775	Asia/Shanghai	2026-01-15
10859300	Lianyungang	Lianyungang	连云港,连云港市,連雲港	34.59845	119.21556	PPLA2	CN	04	2001009	Asia/Shanghai	2025-08-20
1802940	Puning	Puning	普宁,普宁市,普寧,普寧市	23.31072	116.16869	PPL	CN	30	1998619	Asia/Shanghai	2026-09-14
1810638	Ganzhou	Ganzhou	贛州,赣州,赣州市	25.84664	114.9326	PPLA2	CN	03	1977253	Asia/Shanghai	2025-12-15
2036502	Jilin	Jilin	吉林,吉林市	43.84652	126.5608	PPLA2	CN	05	1895865	Asia/Shanghai	2026-06-01
1796134	Shangqiu	Shangqiu	商丘,商丘市	34.4143	115.65613	PPLA2	CN	09	1859723	Asia/Shanghai	2026-09-14
1800146	Nanchong	Nanchong	南充,南充市	30.79508	106.08473	PPLA2	CN	32	1858875	Asia/Shanghai	2021-10-19
1799629	Nanyang	Nanyang	南阳,南阳市,南陽,南陽市	33.00524	112.54659	PPLA2	CN	09	1811812	Asia/Shanghai	2026-03-10
1815251	Jiangyin	Jiangyin	江阴市,澄江,澄江街道	31.91102	120.26302	PPLA3	CN	04	1779515	Asia/Shanghai	2026-09-14
1810845	Fuyang	Fuyang	阜阳市,阜陽,阜陽市	32.9	115.81667	PPLA2	CN	01	1768947	Asia/Shanghai	2021-10-18
11838258	Bayan Nur	Bayan Nur	巴彦淖尔市	40.74143	107.38599	PPL	CN	20	1760000	Asia/Shanghai	2026-09-14
1797945	Qingyuan	Qingyuan	清远,清远市,清遠,清遠市	23.7	113.03333	PPLA2	CN	30	1738424	Asia/Shanghai	2021-10-14
1793724	Tai’an	Tai'an	泰安市	36.18528	117.12	PPLA2	CN	25	1735425	Asia/Shanghai	2025-08-19
1793743	Suzhou	Suzhou	宿州市	33.63611	116.97889	PPLA2	CN	01	1647642	Asia/Shanghai	2024-03-26
1802206	Lu’an	Lu'an	六安,六安市	31.73561	116.51688	PPLA2	CN	01	1644344	Asia/Shanghai	2021-10-18
1787746	Yancheng	Yancheng	塩城市,盐城,盐城市,鹽城	33.3575	120.1573	PPLA2	CN	04	1615717	Asia/Shanghai	2024-05-17
1793505	Taizhou	Taizhou	泰州,泰州市	32.49069	119.90812	PPLA3	CN	04	1607108	Asia/Shanghai	2026-01-14
2037860	Daqing	Daqing	大庆,大庆市,大慶,大慶市	46.58333	125	PPLA2	CN	08	1604027	Asia/Shanghai	2026-01-20
1791236	Wuhu	Wuhu	芜湖,芜湖市,蕪湖,蕪湖市	31.35259	118.42947	PPLA2	CN	01	1598165	Asia/Shanghai	2026-01-20
1813325	Dazhou	Dazhou	达州,达州市,達州,達州市	31.2106	107.46308	PPLA2	CN	32	1589435	Asia/Shanghai	2022-05-22
1809498	Guilin	Guilin	桂林,桂林市	25.28022	110.29639	PPLA2	CN	16	1572300	Asia/Shanghai	2021-10-13
1784853	Zhaoqing	Zhaoqing	肇庆,肇庆市,肇慶,肇慶市	23.04893	112.46091	PPLA2	CN	30	1553109	Asia/Shanghai	2021-10-14
1800627	Mianyang	Mianyang	綿陽,綿陽市,绵阳,绵阳市	31.46784	104.68168	PPLA3	CN	32	1550000	Asia/Shanghai	2021-12-13
12358576	Wanzhou	Wanzhou	万州区	30.76451	108.39586	PPLA3	CN	33	1545900	Asia/Shanghai	2026-09-14
1798449	Putian	Putian	莆田,莆田市	25.43944	119.01028	PPLA2	CN	07	1539389	Asia/Shanghai	2021-12-13
2036427	Jinzhou	Jinzhou	錦州,錦州市,锦州市	41.10778	121.14167	PPL	CN	19	1524362	Asia/Shanghai	2026-09-01
8400694	Taizhou	Taizhou	台州,台州市	28.66266	121.43312	PPLA2	CN	02	1485502	Asia/Shanghai	2021-12-13
1797353	Quanzhou	Quanzhou	泉州,泉州市	24.91389	118.58583	PPLA2	CN	07	1469157	Asia/Shanghai	2024-07-13
1805528	Jinhua	Jinhua	金华,金华市,金華,金華市,金華縣	29.10678	119.64421	PPLA2	CN	02	1463990	Asia/Shanghai	2026-01-22
1806602	Cixi	Cixi	慈溪,慈溪市,浒山,浒山街道	30.1764	121.2457	PPLA3	CN	02	1457510	Asia/Shanghai	2026-09-14
1791121	Changde	Changde	常徳,常徳市,常德,常德市	29.03205	111.69844	PPLA3	CN	11	1457419	Asia/Shanghai	2025-03-18
1804879	Kaifeng	Kaifeng	开封,开封市,開封,開封市	34.7986	114.30742	PPL	CN	09	1451741	Asia/Shanghai	2021-10-20
10942359	Baoji	Baoji	宝鶏市,宝鸡,宝鸡市,寶雞	34.36775	107.23705	PPLA2	CN	26	1437802	Asia/Shanghai	2025-08-18
2950159	Berlin	Berlin	柏林	52.52437	13.41053	PPLC	DE	16	3426354	Europe/Berlin	2025-07-22
2911298	Hamburg	Hamburg	汉堡,汉堡市,漢堡	53.55073	9.99302	PPLA	DE	04	1973896	Europe/Berlin	2026-05-06
2867714	Munich	Munich	慕尼黑	48.13743	11.57549	PPLA	DE	02	1505005	Europe/Berlin	2026-05-06
2886242	Köln	Koeln	古龍,科隆	50.93333	6.95	PPLA2	DE	07	1024621	Europe/Berlin	2026-05-06
2925533	Frankfurt am Main	Frankfurt am Main	法兰克福,法蘭克福	50.11552	8.68417	PPLA3	DE	05	650000	Europe/Berlin	2026-04-16
2934246	Düsseldorf	Duesseldorf	杜塞尔多夫,調素多爾夫	51.22319	6.77927	PPLA	DE	07	618685	Europe/Berlin	2026-05-06
2825297	Stuttgart	Stuttgart	斯图加特	48.78232	9.17702	PPLA	DE	01	612663	Europe/Berlin	2026-05-06
2928810	Essen	Essen	埃森	51.45657	7.01228	PPLA3	DE	07	593085	Europe/Berlin	2021-07-25
3117735	Madrid	Madrid	馬德里,马德里	40.4165	-3.70256	PPLC	ES	29	3255944	Europe/Madrid	2026-02-23
3128760	Barcelona	Barcelona	巴塞罗那,巴塞隆納,巴薩隆拿	41.38879	2.15899	PPLA	ES	56	1686208	Europe/Madrid	2026-05-20
2509954	Valencia	Valencia	巴倫西亞,瓦伦西亚,瓦倫西亞,華倫西亞	39.47391	-0.37966	PPLA	ES	60	824340	Europe/Madrid	2025-10-22
3104324	Zaragoza	Zaragoza	萨拉戈萨	41.65606	-0.87734	PPLA	ES	52	686986	Europe/Madrid	2026-03-23
2510911	Sevilla	Sevilla	塞維亞,塞维利亚	37.38283	-5.97317	PPLA	ES	51	686741	Europe/Madrid	2026-03-23
2988507	Paris	Paris	巴黎	48.85341	2.3488	PPLC	FR	11	2138551	Europe/Paris	2026-02-23
2995469	Marseille	Marseille	马赛	43.29695	5.38107	PPLA	FR	93	877215	Europe/Paris	2026-03-23
2996944	Lyon	Lyon	里昂	45.74906	4.84789	PPLA	FR	84	520774	Europe/Paris	2025-12-09
2972315	Toulouse	Toulouse	圖盧茲,圖魯茲	43.60426	1.44367	PPLA	FR	76	511684	Europe/Paris	2025-12-09
2990440	Nice	Nice	尼斯	43.70313	7.26608	PPLA2	FR	93	342669	Europe/Paris	2026-02-23
2990969	Nantes	Nantes	南特	47.21725	-1.55336	PPLA	FR	52	325070	Europe/Paris	2025-12-09
2973783	Strasbourg	Strasbourg	斯特拉斯堡	48.58392	7.74553	PPLA	FR	44	274845	Europe/Paris	2025-06-21
3031582	Bordeaux	Bordeaux	波尔多,波爾多	44.84124	-0.58046	PPLA	FR	75	265328	Europe/Paris	2025-12-09
2643743	London	London	伦敦,倫敦	51.50853	-0.12574	PPLC	GB	ENG	8961989	Europe/London	2026-08-17
2655603	Birmingham	Birmingham	伯明翰,伯明翰市	52.48142	-1.89983	PPLA2	GB	ENG	1157603	Europe/London	2025-06-26
2648579	Glasgow	Glasgow	格拉斯哥	55.86515	-4.25763	PPLA2	GB	SCT	626410	Europe/London	2023-02-25
2643123	Manchester	Manchester	曼彻斯特	53.48095	-2.23743	PPLA2	GB	ENG	568996	Europe/London	2026-03-23
2638077	Sheffield	Sheffield	谢菲尔德	53.38297	-1.4659	PPLA2	GB	ENG	556500	Europe/London	2025-06-26
2644688	Leeds	Leeds	列斯,利兹	53.79648	-1.54785	PPLA2	GB	ENG	536280	Europe/London	2025-06-26
2650225	Edinburgh	Edinburgh	愛丁堡,爱丁堡	55.95206	-3.19648	PPLA	GB	SCT	514990	Europe/London	2026-09-07
2644210	Liverpool	Liverpool	利物浦	53.41058	-2.97794	PPLA2	GB	ENG	496770	Europe/London	2025-06-26
2654675	Bristol	Bristol	布里斯托尔	51.45523	-2.59665	PPLA2	GB	ENG	479024	Europe/London	2025-06-26
2653822	Cardiff	Cardiff	加的夫	51.48	-3.18	PPLA	GB	WLS	372089	Europe/London	2025-04-17
2644668	Leicester	Leicester	莱斯特	52.6386	-1.13169	PPLA2	GB	ENG	368600	Europe/London	2023-10-16
2654993	Bradford	Bradford	巴拉福特,布拉德福德	53.79391	-1.75206	PPLA2	GB	ENG	366187	Europe/London	2023-02-25
1819729	Hong Kong	Hong Kong	香港	22.27832	114.17469	PPLC	HK		7396076	Asia/Hong_Kong	2025-08-25
1931681	Victoria	Victoria		22.2875	114.14417	PPL	HK	HCW	956800	Asia/Hong_Kong	2026-09-14
1818446	Tuen Mun	Tuen Mun	屯門,屯门	22.39175	113.97157	PPLA	HK	NTM	507900	Asia/Hong_Kong	2026-08-30
1818920	Sha Tin	Sha Tin	沙田	22.38333	114.18333	PPLA	HK	NST	495200	Asia/Hong_Kong	2026-09-14
1818953	Sham Shui Po	Sham Shui Po	深水埗區	22.33023	114.15945	PPLA	HK	KSS	431090	Asia/Hong_Kong	2026-09-14
1818304	Wong Tai Sin	Wong Tai Sin	黃大仙,黄大仙	22.35	114.18333	PPLA	HK	KWT	425235	Asia/Hong_Kong	2026-09-14
1819607	Kowloon City	Kowloon City	九龍城,九龙城	22.33047	114.19222	PPL	HK	KKC	418732	Asia/Hong_Kong	2026-09-14
1818506	Tseung Kwan O	Tseung Kwan O		22.32789	114.24992	PPL	HK	NSK	412900	Asia/Hong_Kong	2026-09-14
1819595	Kwai Chung	Kwai Chung	葵涌	22.36828	114.13877	PPL	HK	NKT	331600	Asia/Hong_Kong	2026-09-14
1818209	Tsuen Wan	Tsuen Wan	荃灣	22.37137	114.11329	PPLA	HK	NTW	318916	Asia/Hong_Kong	2026-09-14
1818558	Tin Shui Wai	Tin Shui Wai	天水囲,天水围,天水圍	22.45679	114.00234	PPL	HK	NYL	286232	Asia/Hong_Kong	2026-09-14
1818673	Tai Po	Tai Po	大埔,大埔墟	22.45007	114.16877	PPLA	HK	NTP	274100	Asia/Hong_Kong	2026-09-14
1819873	Fanling	Fanling		22.49487	114.13949	PPL	HK	NNO	263200	Asia/Hong_Kong	2026-09-14
1819400	Ma On Shan	Ma On Shan	馬鞍山,馬鞍山村,马鞍山,马鞍山村	22.40613	114.24079	PPL	HK	NST	215200	Asia/Hong_Kong	2026-09-14
1818222	Yuen Long San Hui	Yuen Long San Hui	元朗,元朗新墟	22.43333	114.03333	PPL	HK	NYL	200000	Asia/Hong_Kong	2026-09-14
1818225	Yuen Long	Yuen Long	元朗,元朗墟	22.44518	114.02621	PPLA	HK	NYL	200000	Asia/Hong_Kong	2026-09-14
1818483	Tsing Yi Town	Tsing Yi Town	青衣	22.35	114.1	PPL	HK	NKT	182100	Asia/Hong_Kong	2026-09-14
1818223	Yuen Long Kau Hui	Yuen Long Kau Hui	元朗墟,元朗旧墟,元朗舊墟	22.44831	114.03199	PPL	HK	NYL	169600	Asia/Hong_Kong	2026-09-14
1818379	Wan Chai	Wan Chai	灣仔	22.28142	114.17258	PPLA	HK	HWC	166695	Asia/Hong_Kong	2026-09-14
1819757	Aberdeen	Aberdeen	香港仔	22.24802	114.15289	PPL	HK	HSO	157400	Asia/Hong_Kong	2022-06-08
1819283	San Tung Chung Hang	San Tung Chung Hang	新东涌坑,新東涌坑	22.27875	113.94307	PPL	HK	NIS	116000	Asia/Hong_Kong	2026-09-14
11101593	Tung Chung	Tung Chung	东涌,東涌	22.28783	113.94243	PPL	HK	NIS	114100	Asia/Hong_Kong	2026-09-14
1818916	Sha Tin Wai	Sha Tin Wai	沙田,沙田围,沙田圍	22.37756	114.19753	PPL	HK	NST	80000	Asia/Hong_Kong	2024-02-11
12719430	Shap Pat Heung	Shap Pat Heung		22.4248	114.03581	PPL	HK	NYL	77775	Asia/Hong_Kong	2024-01-29
1819091	Pok Fu Lam	Pok Fu Lam		22.26861	114.12924	PPL	HK	HSO	77100	Asia/Hong_Kong	2022-06-08
12689055	Nam Cheong	Nam Cheong		22.32799	114.15389	PPL	HK	KSS	74780	Asia/Hong_Kong	2024-03-14
1819353	Mong Kok	Mong Kok	旺角	22.31935	114.17136	PPLA	HK	KYT	62967	Asia/Hong_Kong	2024-02-13
1818781	Siu Lek Yuen	Siu Lek Yuen	小瀝源	22.38174	114.21256	PPL	HK	NST	57349	Asia/Hong_Kong	2023-11-28
1818972	Sau Mau Ping	Sau Mau Ping	秀茂坪	22.3202	114.23497	PPL	HK	KKT	54218	Asia/Hong_Kong	2024-03-14
1818550	Tiu Keng Leng	Tiu Keng Leng	調景嶺,调景岭	22.29853	114.25115	PPL	HK	KKT	51751	Asia/Hong_Kong	2023-12-31
12719433	LOHAS Park	LOHAS Park		22.29315	114.27245	PPL	HK	NSK	50000	Asia/Hong_Kong	2024-01-29
12640681	Mei Foo	Mei Foo	美孚	22.33719	114.13856	PPL	HK	KSS	45990	Asia/Hong_Kong	2024-03-14
1819101	Ping Shan	Ping Shan	屏山	22.44111	114.00608	PPL	HK	NYL	45400	Asia/Hong_Kong	2022-06-08
12640684	Kai Tak	Kai Tak	啟德	22.32425	114.19741	PPL	HK	KKC	42552	Asia/Hong_Kong	2024-03-14
8224045	Jordan	Jordan	佐敦	22.30539	114.17001	PPL	HK	KYT	41537	Asia/Hong_Kong	2023-12-05
12689063	Pat Heung	Pat Heung		22.4461	114.09226	PPL	HK	NYL	40357	Asia/Hong_Kong	2024-01-02
12689057	Whampoa	Whampoa		22.30504	114.19021	PPL	HK	KKC	39134	Asia/Hong_Kong	2024-01-02
12689060	Choi Wan	Choi Wan		22.33385	114.21368	PPL	HK	KWT	38405	Asia/Hong_Kong	2024-03-14
1819638	Kennedy Town	Kennedy Town	堅尼地城	22.28277	114.12953	PPL	HK	HCW	38000	Asia/Hong_Kong	2026-05-06
12719566	Mei Foo Sun Chuen	Mei Foo Sun Chuen		22.33636	114.14018	PPL	HK	KSS	37299	Asia/Hong_Kong	2024-03-14
1818447	Tsz Wan Shan	Tsz Wan Shan	慈云山,慈雲山	22.35247	114.20016	PPL	HK	KWT	37242	Asia/Hong_Kong	2024-03-14
1819791	Hang Hau	Hang Hau	坑口	22.31811	114.26994	PPL	HK	NSK	36529	Asia/Hong_Kong	2023-12-05
1819050	Sai Kung	Sai Kung	西貢,西贡	22.38333	114.26667	PPLA	HK	NSK	35800	Asia/Hong_Kong	2025-11-05
10170102	Tai Koo	Tai Koo		22.2841	114.21631	PPL	HK	HEA	35373	Asia/Hong_Kong	2024-03-14
12719589	Taikoo Shing	Taikoo Shing		22.28613	114.2187	PPL	HK	HEA	34799	Asia/Hong_Kong	2024-01-30
1818266	Yau Tong	Yau Tong	油塘	22.29569	114.23599	PPL	HK	KKT	34755	Asia/Hong_Kong	2024-03-12
1818721	Tai Kok Tsui	Tai Kok Tsui	大角咀	22.32146	114.163	PPL	HK	KYT	33801	Asia/Hong_Kong	2024-03-14
1818892	Shek Lei	Shek Lei	石梨	22.36613	114.13982	PPL	HK	NKT	31788	Asia/Hong_Kong	2024-03-14
12719843	Whampoa Garden	Whampoa Garden		22.30534	114.18936	PPL	HK	KKC	30038	Asia/Hong_Kong	2024-02-01
1818268	Yau Ma Tei	Yau Ma Tei	油麻地	22.3138	114.16857	PPL	HK	KYT	29644	Asia/Hong_Kong	2024-03-14
12746539	Lower Wong Tai Sin Estate (I & II)	Lower Wong Tai Sin Estate (I & II)		22.33923	114.19441	PPL	HK	KWT	29542	Asia/Hong_Kong	2024-02-19
12719432	South Horizons	South Horizons		22.24383	114.14828	PPL	HK	HSO	29391	Asia/Hong_Kong	2024-03-14
12719791	South Horizons (Estate)	South Horizons (Estate)		22.24411	114.14616	PPL	HK	HSO	29180	Asia/Hong_Kong	2024-02-01
1819529	Leighton Hill	Leighton Hill	礼顿山,禮頓山	22.2761	114.18398	PPL	HK	HWC	29160	Asia/Hong_Kong	2024-09-28
1819923	Chuk Yuen	Chuk Yuen	竹园,竹園	22.34544	114.19327	PPL	HK	KWT	28645	Asia/Hong_Kong	2024-03-14
12640693	Lei Tung	Lei Tung	利東	22.24052	114.15757	PPL	HK	HSO	26350	Asia/Hong_Kong	2024-03-14
1818385	Wah Fu	Wah Fu	华富邨,華富邨	22.25474	114.13622	PPL	HK	HSO	26275	Asia/Hong_Kong	2023-12-05
1818950	Sham Tseng	Sham Tseng	深井	22.36667	114.05	PPL	HK	NTW	25893	Asia/Hong_Kong	2024-01-18
12719555	Shek Kip Mei Estate	Shek Kip Mei Estate		22.33412	114.16531	PPL	HK	KSS	25561	Asia/Hong_Kong	2024-03-14
12746532	Choi Wan Estate (I & II)	Choi Wan Estate (I & II)		22.33337	114.21331	PPL	HK	KWT	25241	Asia/Hong_Kong	2024-02-19
1818501	Tsim Sha Tsui	Tsim Sha Tsui	尖沙咀,尖沙嘴	22.3	114.16667	PPL	HK	KKC	24557	Asia/Hong_Kong	2023-12-05
12719443	Wu Kai Sha	Wu Kai Sha		22.43016	114.24212	PPL	HK	NST	23511	Asia/Hong_Kong	2024-01-29
12689059	Laguna City	Laguna City		22.30554	114.22861	PPL	HK	KKT	22718	Asia/Hong_Kong	2024-01-02
1818817	Shuen Wan	Shuen Wan	船湾,船灣	22.46767	114.20812	PPL	HK	NTP	22465	Asia/Hong_Kong	2023-12-05
1819855	Fo Tan	Fo Tan	火炭	22.39846	114.19293	PPL	HK	NST	22127	Asia/Hong_Kong	2023-12-05
1819685	Kam Tin	Kam Tin	錦田,锦田	22.44123	114.06019	PPL	HK	NYL	21876	Asia/Hong_Kong	2023-12-05
12746541	Tsz Ching Estate	Tsz Ching Estate		22.35099	114.20056	PPL	HK	KWT	21845	Asia/Hong_Kong	2024-02-19
1819775	Ha Tsuen	Ha Tsuen	厦村市,廈村市	22.44724	113.9916	PPL	HK	NYL	21060	Asia/Hong_Kong	2024-01-02
1818614	Tai Wo Hau	Tai Wo Hau	大窝口,大窝口村,大窩口,大窩口邨	22.36718	114.12347	PPL	HK	NKT	20848	Asia/Hong_Kong	2024-01-02
1818883	Shek O	Shek O	石澳,石澳村	22.23344	114.25121	PPL	HK	HSO	20683	Asia/Hong_Kong	2023-12-31
1819980	Chek Chue	Chek Chue	赤柱	22.21849	114.21241	PPL	HK	HSO	20683	Asia/Hong_Kong	2023-11-29
1818845	Sheung Shui	Sheung Shui	上水	22.51667	114.11667	PPL	HK	NNO	20514	Asia/Hong_Kong	2023-11-28
1819726	Hong Lok Yuen	Hong Lok Yuen	康樂園	22.46315	114.1552	PPL	HK	NTP	20389	Asia/Hong_Kong	2024-01-02
12689069	Fairview Park	Fairview Park		22.46738	114.04766	PPL	HK	NYL	20268	Asia/Hong_Kong	2024-01-02
1819394	Ma Tau Wai	Ma Tau Wai	古瑾圍,碼頭圍,馬頭圍	22.32074	114.18743	PPL	HK	KKC	20185	Asia/Hong_Kong	2024-03-14
1818628	Tai Wai	Tai Wai	大圍	22.37286	114.17897	PPL	HK	NST	19924	Asia/Hong_Kong	2023-09-22
1819731	Ho Man Tin	Ho Man Tin	何文田	22.31584	114.18181	PPL	HK	KKC	19830	Asia/Hong_Kong	2024-03-14
1819968	Cheung Chau	Cheung Chau		22.21085	114.02787	PPL	HK	NIS	19769	Asia/Hong_Kong	2023-12-05
12687143	Shui Chuen O	Shui Chuen O		22.37161	114.19778	PPL	HK	NST	19719	Asia/Hong_Kong	2023-12-19
1818996	San Tin	San Tin	新田	22.50166	114.06932	PPL	HK	NYL	19617	Asia/Hong_Kong	2023-11-28
1818444	Tuen Mun San Hui	Tuen Mun San Hui	屯門新墟	22.39877	113.97596	PPL	HK	NTM	19398	Asia/Hong_Kong	2024-01-02
12689056	Olympic	Olympic		22.31939	114.15736	PPL	HK	KYT	19373	Asia/Hong_Kong	2024-01-02
1819894	Discovery Bay	Discovery Bay	愉景灣	22.3	114.01667	PPLL	HK	NIS	19336	Asia/Hong_Kong	2025-02-14
12640687	The Peak	The Peak	山頂	22.26202	114.15649	PPL	HK	HCW	19202	Asia/Hong_Kong	2024-03-14
12640671	Sung Wong Toi	Sung Wong Toi	宋皇臺	22.32466	114.19149	PPL	HK	KKC	19078	Asia/Hong_Kong	2024-03-14
12640674	So Uk	So Uk	蘇屋	22.34131	114.15679	PPL	HK	KSS	18956	Asia/Hong_Kong	2024-03-14
1819602	Kowloon Tong	Kowloon Tong	九龍塘,九龙塘	22.33312	114.17969	PPL	HK	KKC	18849	Asia/Hong_Kong	2024-03-14
12719587	Siu Sai Wan Estate	Siu Sai Wan Estate		22.26155	114.24881	PPL	HK	HEA	18803	Asia/Hong_Kong	2025-09-16
1819029	Sai Wan Ho	Sai Wan Ho	西湾河,西灣河	22.28449	114.2232	PPL	HK	HEA	18771	Asia/Hong_Kong	2024-03-14
12719581	So Uk Estate	So Uk Estate		22.34153	114.15653	PPL	HK	KSS	18748	Asia/Hong_Kong	2024-01-30
12719848	Tak Long Estate	Tak Long Estate		22.3302	114.20338	PPL	HK	KKC	18720	Asia/Hong_Kong	2024-02-01
12719547	Keng Hau	Keng Hau		22.36507	114.17472	PPL	HK	NST	18707	Asia/Hong_Kong	2024-01-30
12719552	Un Chau Estate	Un Chau Estate		22.33633	114.15616	PPL	HK	KSS	18670	Asia/Hong_Kong	2024-01-30
1819554	Lam Tin	Lam Tin	藍田	22.30933	114.23634	PPL	HK	KKT	18666	Asia/Hong_Kong	2023-12-05
12719787	Lei Tung Estate	Lei Tung Estate		22.24115	114.15523	PPL	HK	HSO	18575	Asia/Hong_Kong	2024-02-01
1819003	San Po Kong	San Po Kong	新蒲崗	22.33546	114.19669	PPL	HK	KWT	18199	Asia/Hong_Kong	2024-03-14
12719439	Hok Yuen	Hok Yuen		22.31027	114.18816	PPL	HK	KKC	18091	Asia/Hong_Kong	2024-03-14
12719440	Laguna Verde	Laguna Verde		22.30719	114.19071	PPL	HK	KKC	18091	Asia/Hong_Kong	2024-03-14
1818905	Shek Kip Mei	Shek Kip Mei	石硤尾	22.33146	114.16799	PPL	HK	KSS	18078	Asia/Hong_Kong	2024-03-14
12719592	Heng Fa Chuen	Heng Fa Chuen		22.27668	114.24077	PPL	HK	HEA	17963	Asia/Hong_Kong	2024-01-30
12719542	Aldrich Bay	Aldrich Bay		22.28203	114.22474	PPL	HK	HEA	17925	Asia/Hong_Kong	2024-03-14
12746531	Choi Hung Estate	Choi Hung Estate		22.33636	114.20581	PPL	HK	KWT	17817	Asia/Hong_Kong	2024-02-19
1818654	Tai Shui Hang	Tai Shui Hang	大水坑	22.40631	114.22385	PPL	HK	NST	17647	Asia/Hong_Kong	2023-12-05
1818349	Wo Che	Wo Che	禾輋	22.39016	114.19217	PPL	HK	NST	17572	Asia/Hong_Kong	2023-12-13
1818695	Tai Mei Tuk	Tai Mei Tuk	大埔海滨,大埔海濱,大美督	22.47447	114.23458	PPL	HK	NTP	17544	Asia/Hong_Kong	2023-11-28
12640682	Kadoorie	Kadoorie	嘉道理	22.32247	114.17556	PPL	HK	KKC	17422	Asia/Hong_Kong	2024-03-14
12719847	Oi Man Estate	Oi Man Estate		22.31197	114.17853	PPL	HK	KKC	17407	Asia/Hong_Kong	2025-05-11
12689054	Discovery Park	Discovery Park		22.37621	114.11141	PPL	HK	NTW	17325	Asia/Hong_Kong	2024-01-02
1818574	Ting Kau	Ting Kau	汀九	22.36956	114.07907	PPL	HK	NTW	17009	Asia/Hong_Kong	2023-12-05
12746517	Chuk Yuen North Estate	Chuk Yuen North Estate		22.34592	114.19197	PPL	HK	KWT	16989	Asia/Hong_Kong	2024-02-19
1818365	Wang Tau Hom	Wang Tau Hom		22.3401	114.18732	PPL	HK	KKC	16936	Asia/Hong_Kong	2024-03-14
12719553	Pak Tin Estate	Pak Tin Estate		22.33713	114.16673	PPL	HK	KSS	16843	Asia/Hong_Kong	2024-03-14
1818557	Tin Wan	Tin Wan	田湾,田灣	22.25113	114.14726	PPL	HK	HSO	16811	Asia/Hong_Kong	2024-03-14
12746547	Wang Tau Hom Estate	Wang Tau Hom Estate		22.34009	114.18673	PPL	HK	KWT	16794	Asia/Hong_Kong	2024-02-19
1819577	Kwun Tong	Kwun Tong	官塘,観塘,觀塘,观塘	22.31184	114.22176	PPLA	HK	KKT	16766	Asia/Hong_Kong	2024-03-14
12719445	Kam Ying	Kam Ying		22.42285	114.23664	PPL	HK	NST	16691	Asia/Hong_Kong	2024-01-29
1818992	San Tin	San Tin	新田	22.37193	114.18385	PPL	HK	NST	16628	Asia/Hong_Kong	2023-12-05
12689062	Sun Tin Wai	Sun Tin Wai		22.37058	114.18696	PPL	HK	NST	16628	Asia/Hong_Kong	2024-01-02
12719540	Sam Shing	Sam Shing		22.38128	113.97872	PPL	HK	NTM	16423	Asia/Hong_Kong	2024-01-30
9172583	Wong Chuk Hang	Wong Chuk Hang		22.23981	114.17001	PPLL	HK	HSO	16316	Asia/Hong_Kong	2023-12-05
1818259	Yeung Uk Tsuen	Yeung Uk Tsuen		22.45	114.01667	PPL	HK	NTW	16236	Asia/Hong_Kong	2024-01-02
12719438	Braemar Hill	Braemar Hill		22.28282	114.20034	PPL	HK	HEA	16171	Asia/Hong_Kong	2024-03-14
12719569	Hoi Lai Estate	Hoi Lai Estate		22.33182	114.14667	PPL	HK	KSS	16071	Asia/Hong_Kong	2024-01-30
1819339	Mount Davis	Mount Davis		22.27862	114.11777	PPL	HK	HCW	16030	Asia/Hong_Kong	2024-03-14
12687141	Pok Hong	Pok Hong		22.37558	114.19584	PPL	HK	NST	15817	Asia/Hong_Kong	2023-12-19
12719572	Fu Cheong Estate	Fu Cheong Estate		22.32891	114.15399	PPL	HK	KSS	15655	Asia/Hong_Kong	2024-01-30
1818544	To Kwa Wan	To Kwa Wan	土瓜灣	22.31693	114.19052	PPL	HK	KKC	15646	Asia/Hong_Kong	2024-03-14
12719444	Lee On	Lee On		22.42635	114.24133	PPL	HK	NST	15621	Asia/Hong_Kong	2024-01-29
12689065	Butterfly	Butterfly		22.37591	113.96251	PPL	HK	NTM	15488	Asia/Hong_Kong	2024-01-02
12687144	Prince Edward	Prince Edward		22.3236	114.17938	PPL	HK	KKC	15481	Asia/Hong_Kong	2023-12-19
1819361	Mid Levels	Mid Levels		22.28399	114.14958	PPL	HK	HCW	15464	Asia/Hong_Kong	2024-03-14
7778986	Fortress Hill	Fortress Hill	炮臺山,砲台山	22.28858	114.19417	PPL	HK	HEA	15464	Asia/Hong_Kong	2023-12-05
12746524	Tung Tau Estate	Tung Tau Estate		22.33212	114.19277	PPL	HK	KWT	15440	Asia/Hong_Kong	2024-02-19
12640679	City One	City One	第一城	22.38679	114.20275	PPL	HK	NST	15407	Asia/Hong_Kong	2024-03-14
12719544	City Garden	City Garden		22.28997	114.19259	PPL	HK	HEA	15212	Asia/Hong_Kong	2024-01-30
12719635	Yiu Tung Estate	Yiu Tung Estate		22.27849	114.22299	PPL	HK	HEA	15061	Asia/Hong_Kong	2024-01-30
1642911	Jakarta	Jakarta	勿礁維,勿礁维,巴达威亚,耶加達,雅加达,雅加達	-6.21462	106.84513	PPLC	ID	04	8540121	Asia/Jakarta	2026-02-23
1625822	Surabaya	Surabaya	泗水	-7.24917	112.75083	PPLA	ID	08	3018022	Asia/Jakarta	2026-06-10
1650357	Bandung	Bandung	万隆,萬隆	-6.92222	107.60694	PPLA	ID	30	2528163	Asia/Jakarta	2026-06-10
1214520	Medan	Medan	棉蘭	3.58333	98.66667	PPLA	ID	26	2486283	Asia/Jakarta	2026-06-10
1625084	Tangerang	Tangerang	坦格朗,當格朗	-6.17806	106.63	PPL	ID	33	1927815	Asia/Jakarta	2026-06-11
1633070	Palembang	Palembang	巨港,旧港	-2.91673	104.7458	PPLA	ID	32	1801367	Asia/Jakarta	2026-06-10
3169070	Rome	Rome	罗马市,羅馬	41.89193	12.51133	PPLC	IT	07	2318895	Europe/Rome	2025-07-22
3173435	Milan	Milan	米蘭	45.46427	9.18951	PPLA	IT	09	1371498	Europe/Rome	2026-04-01
3172394	Naples	Naples	那不勒斯	40.85216	14.26811	PPLA	IT	04	909048	Europe/Rome	2026-04-17
3165524	Turin	Turin	都灵	45.07049	7.68682	PPLA	IT	12	847287	Europe/Rome	2025-07-07
2523920	Palermo	Palermo	巴勒莫市	38.1166	13.3636	PPLA	IT	15	648260	Europe/Rome	2023-11-21
1850147	Tokyo	Tokyo	东京,東京,東京都	35.6895	139.69171	PPLC	JP	40	9733276	Asia/Tokyo	2025-07-22
1848354	Yokohama	Yokohama	横浜,横浜市,横滨市	35.43333	139.65	PPLA	JP	19	3777491	Asia/Tokyo	2025-02-27
1853909	Osaka	Osaka	大阪,大阪市	34.69379	135.50107	PPLA	JP	32	2753862	Asia/Tokyo	2024-09-05
1856057	Nagoya	Nagoya	名古屋,名古屋市	35.18147	136.90641	PPLA	JP	01	2332176	Asia/Tokyo	2026-04-29
2128295	Sapporo	Sapporo	札幌,札幌市	43.06667	141.35	PPLA	JP	12	1973832	Asia/Tokyo	2025-11-03
1863967	Fukuoka	Fukuoka	福岡,福岡市	33.6	130.41667	PPLA	JP	07	1612392	Asia/Tokyo	2026-01-20
1859171	Kobe	Kobe	神戶,神户市,神戸,神戸市	34.6913	135.183	PPLA	JP	13	1525152	Asia/Tokyo	2026-06-01
1857910	Kyoto	Kyoto	京都,京都市	35.02107	135.75385	PPLA	JP	22	1463723	Asia/Tokyo	2022-10-24
6940394	Saitama	Saitama		35.90807	139.65657	PPLA	JP	34	1324854	Asia/Tokyo	2025-02-18
1862415	Hiroshima	Hiroshima	広島,広島市,廣島市	34.4	132.45	PPLA	JP	11	1200754	Asia/Tokyo	2024-12-02
2111149	Sendai	Sendai	仙台,仙台市	38.26667	140.86667	PPLA	JP	24	1096704	Asia/Tokyo	2022-08-15
2113015	Chiba	Chiba	千葉,千葉市	35.6	140.11667	PPLA	JP	04	979768	Asia/Tokyo	2025-06-21
1859307	Kitakyushu	Kitakyushu	北九州,北九州市	33.85181	130.85034	PPLA2	JP	07	940978	Asia/Tokyo	2022-09-02
1855431	Niigata	Niigata	新潟,新潟市	37.92259	139.04125	PPLA	JP	29	797591	Asia/Tokyo	2024-01-18
1863289	Hamamatsu	Hamamatsu	浜松,浜松市,滨松市	34.7	137.73333	PPLA2	JP	37	791707	Asia/Tokyo	2022-09-02
1835848	Seoul	Seoul	首尔,首尔特别市,首爾	37.566	126.9784	PPLC	KR	11	10349312	Asia/Seoul	2024-12-01
1838524	Busan	Busan	釜山,釜山市,釜山广域市,釜山広域市	35.10168	129.03004	PPLA	KR	10	3285147	Asia/Seoul	2026-04-14
1843564	Incheon	Incheon	仁川广域市,仁川広域市,仁川廣域市	37.45646	126.70515	PPLA	KR	12	3015482	Asia/Seoul	2026-04-14
1835329	Daegu	Daegu	大邱广域市,大邱広域市,大邱廣域市	35.87028	128.59111	PPLA	KR	15	2365523	Asia/Seoul	2026-04-14
1835235	Daejeon	Daejeon	大田广域市,大田広域市	36.34913	127.38493	PPLA	KR	19	1441203	Asia/Seoul	2026-04-14
1841811	Gwangju	Gwangju	光州,光州市,光州广域市,光州広域市,光州廣域市	35.15472	126.91556	PPLA	KR	18	1401235	Asia/Seoul	2026-04-14
1835553	Suwon	Suwon	水原市	37.29111	127.00889	PPLA	KR	13	1234582	Asia/Seoul	2026-04-30
1833747	Ulsan	Ulsan	蔚山,蔚山広域市	35.53722	129.31667	PPLA	KR	21	1098421	Asia/Seoul	2026-04-14
1846326	Changwon	Changwon	昌原,昌原市	35.22806	128.68111	PPLA	KR	20	1025702	Asia/Seoul	2026-04-14
1845604	Cheongju-si	Cheongju-si	清州市	36.63722	127.48972	PPLA	KR	05	852147	Asia/Seoul	2026-04-14
1821274	Macau	Macau	澳門,澳门	22.20056	113.54611	PPLC	MO	02	649335	Asia/Macau	2024-08-27
1821263	Taipa	Taipa	氹仔	22.15583	113.55694	PPL	MO	11875159	112051	Asia/Macau	2026-09-14
13527317	Sé	Se	大堂区,大堂區	22.19089	113.54733	PPLA2	MO		52200	Asia/Macau	2025-10-11
1821292	Luhuan	Luhuan	聖方濟堂區,路环,路環	22.11806	113.55194	PPL	MO	11875161	36384	Asia/Macau	2025-10-11
1821294	Zhuojiacun	Zhuojiacun	卓家村	22.16139	113.55639	PPL	MO	11875159	24000	Asia/Macau	2025-04-28
1821279	Lai Chi Van	Lai Chi Van	荔枝碗	22.11972	113.55111	PPL	MO	11875161	22125	Asia/Macau	2024-04-24
1735161	Kuala Lumpur	Kuala Lumpur	吉隆坡	3.1412	101.68653	PPLC	MY	14	1453975	Asia/Kuala_Lumpur	2026-04-29
1732752	Johor Bahru	Johor Bahru	新山	1.4655	103.7578	PPLA	MY	01	858118	Asia/Kuala_Lumpur	2026-04-14
1734634	Ipoh	Ipoh	怡保	4.5841	101.0829	PPLA	MY	07	759952	Asia/Kuala_Lumpur	2026-04-14
1734759	Malacca	Malacca	马六甲	2.196	102.2405	PPLA	MY	04	579000	Asia/Kuala_Lumpur	2026-04-14
1736376	Kota Bharu	Kota Bharu	哥打巴鲁	6.12361	102.24333	PPLA	MY	03	568900	Asia/Kuala_Lumpur	2026-04-14
1735227	Kuantan	Kuantan	关丹	3.8077	103.326	PPLA	MY	06	548014	Asia/Kuala_Lumpur	2026-04-14
1735498	Sungai Petani	Sungai Petani		5.647	100.48772	PPL	MY	02	544851	Asia/Kuala_Lumpur	2026-09-14
1733432	Kota Kinabalu	Kota Kinabalu	亞庇	5.9749	116.0724	PPLA	MY	16	500421	Asia/Kuching	2026-04-14
1734052	Sandakan	Sandakan	山打根	5.8402	118.1179	PPL	MY	16	439050	Asia/Kuching	2022-12-06
1734705	Kuala Terengganu	Kuala Terengganu	瓜拉登嘉楼	5.3302	103.1408	PPLA	MY	13	426500	Asia/Kuala_Lumpur	2026-04-14
1736309	Alor Setar	Alor Setar	亚罗士打,亞羅士打	6.12104	100.36014	PPLA	MY	02	417800	Asia/Kuala_Lumpur	2026-04-14
1735634	Kuching	Kuching	古晉	1.55	110.33333	PPLA	MY	11	402738	Asia/Kuching	2026-04-14
1734810	Seremban	Seremban	双溪乌绒,芙蓉市,花城	2.7297	101.9381	PPLA	MY	05	372917	Asia/Kuala_Lumpur	2026-04-14
1734199	Tawau	Tawau	斗湖	4.24482	117.89115	PPL	MY	16	372615	Asia/Kuching	2022-12-06
2747891	Rotterdam	Rotterdam	鹿特丹	51.9225	4.47917	PPL	NL	11	868135	Europe/Amsterdam	2025-10-26
2759794	Amsterdam	Amsterdam	阿姆斯特丹	52.37403	4.88969	PPLC	NL	07	741636	Europe/Amsterdam	2026-02-23
2745912	Utrecht	Utrecht	乌得勒支,烏德勒支	52.09083	5.12222	PPLA	NL	09	376435	Europe/Amsterdam	2026-04-14
2193733	Auckland	Auckland	奧克蘭都會區	-36.84853	174.76349	PPLA	NZ	E7	1547200	Pacific/Auckland	2026-05-02
2192362	Christchurch	Christchurch	克赖斯特彻奇,基督城	-43.53333	172.63333	PPLA	NZ	E9	419200	Pacific/Auckland	2026-05-04
2179537	Wellington	Wellington	威靈頓,惠灵顿	-41.28664	174.77557	PPLC	NZ	G2	381900	Pacific/Auckland	2019-09-05
2190324	Hamilton	Hamilton	哈密尔顿	-37.78333	175.28333	PPLA	NZ	G1	192100	Pacific/Auckland	2026-05-04
1692192	Quezon City	Quezon City	奎松市	14.6488	121.0509	PPLA2	PH	NCR	3084270	Asia/Manila	2025-09-24
1715348	Davao	Davao	达沃市	7.07306	125.61278	PPLA	PH	11	1848947	Asia/Manila	2026-04-14
1701668	Manila	Manila	馬尼拉,马尼拉	14.6042	120.9822	PPLC	PH	NCR	1600000	Asia/Manila	2025-09-16
1684308	Taguig	Taguig		14.5243	121.0792	PPLA3	PH	NCR	1308085	Asia/Manila	2025-09-25
1679432	Zamboanga	Zamboanga	三宝颜	6.91028	122.07389	PPLA2	PH	09	1018849	Asia/Manila	2025-09-24
1717512	Cebu City	Cebu City		10.31672	123.89071	PPLA	PH	07	965332	Asia/Manila	2026-04-14
1721080	Cagayan de Oro	Cagayan de Oro	卡加延德奥罗	8.48222	124.64722	PPLA2	PH	10	741617	Asia/Manila	2025-09-24
1713022	General Santos	General Santos	三投斯將軍市	6.11278	125.17167	PPL	PH	12	722059	Asia/Manila	2026-06-23
1720681	Calamba	Calamba	卡兰巴	14.21167	121.16528	PPLA	PH	40	575046	Asia/Manila	2026-04-14
1880252	Singapore	Singapore	新加坡,星架坡	1.28967	103.85007	PPLC	SG		5638700	Asia/Singapore	2025-07-23
1609350	Bangkok	Bangkok	曼谷	13.75398	100.50144	PPLC	TH	40	5104476	Asia/Bangkok	2024-03-26
1611110	Chon Buri	Chon Buri		13.3622	100.98345	PPLA	TH	46	219164	Asia/Bangkok	2026-04-14
1610780	Hat Yai	Hat Yai	合艾	7.00836	100.47668	PPLA2	TH	68	191696	Asia/Bangkok	2024-05-22
6957690	Lat Krabang	Lat Krabang		13.72197	100.78473	PPLA2	TH	40	163175	Asia/Bangkok	2026-09-14
1152473	Lampang	Lampang		18.29232	99.49277	PPLA	TH	06	156139	Asia/Bangkok	2026-04-14
1150515	Surat Thani	Surat Thani	素叻他尼	9.14011	99.33311	PPLA	TH	60	132040	Asia/Bangkok	2026-04-14
1605239	Udon Thani	Udon Thani	乌隆他尼	17.41567	102.78589	PPLA	TH	76	130531	Asia/Bangkok	2026-04-14
1153671	Chiang Mai	Chiang Mai	清迈,清邁	18.79038	98.98468	PPLA	TH	02	127240	Asia/Bangkok	2026-04-14
1668341	Taipei	Taipei	台北,台北市,臺北市	25.05306	121.52639	PPLC	TW	04	7871900	Asia/Taipei	2025-02-24
12908892	New Taipei City	New Taipei City	新北,新北市	25.06199	121.45703	PPL	TW	03	4004367	Asia/Taipei	2025-02-24
1668399	Taichung	Taichung	台中,台中市,臺中市	24.1469	120.6839	PPLA2	TW	04	2850285	Asia/Taipei	2025-06-14
1673820	Kaohsiung	Kaohsiung	高雄,高雄巿,高雄市	22.61626	120.31333	PPLA	TW	02	2737660	Asia/Taipei	2026-04-14
1668355	Tainan	Tainan	台南,台南市,臺南,臺南市	22.99083	120.21333	PPLA2	TW	04	1856642	Asia/Taipei	2025-11-06
1670029	Banqiao	Banqiao	板橋,板橋區,枋橋	25.01427	121.46719	PPLA2	TW	03	551221	Asia/Taipei	2026-09-14
6696918	Taoyuan	Taoyuan	桃園區,桃園市	24.99368	121.29696	PPLA2	TW	04	475798	Asia/Taipei	2026-04-29
1675151	Hsinchu	Hsinchu	新竹,新竹市	24.80361	120.96861	PPLA2	TW	04	453536	Asia/Taipei	2025-06-14
1678228	Keelung	Keelung	基隆,基隆市	25.13089	121.74094	PPLA2	TW	04	362487	Asia/Taipei	2025-06-14
1673816	Fengshan	Fengshan	鳳山,鳳山区,鳳山區	22.62659	120.36126	PPLA2	TW	02	356463	Asia/Taipei	2026-09-14
1671467	Neihu	Neihu	內湖,內湖區,内湖区	25.0815	121.58809	PPL	TW	04	274538	Asia/Taipei	2025-06-16
1678836	Chiayi City	Chiayi City	嘉義市	23.47917	120.44889	PPLA2	TW	04	263188	Asia/Taipei	2026-09-14
1665221	Yongkang	Yongkang	永康,永康区,永康區	23.02444	120.25556	PPL	TW	04	233730	Asia/Taipei	2026-09-14
1679136	Chang-hua	Chang-hua	彰化	24.07327	120.56276	PPLA2	TW	04	226564	Asia/Taipei	2026-09-14
1677112	Zhubei	Zhubei	竹北,竹北市	24.83833	121.00778	PPLA2	TW	04	212695	Asia/Taipei	2025-06-14
1670909	Bade	Bade	八徳区,八德,八德區	24.92981	121.28372	PPL	TW	04	209148	Asia/Taipei	2024-07-12
1675393	Xizhi	Xizhi	汐止,汐止区,汐止區	25.06615	121.65985	PPL	TW	03	204619	Asia/Taipei	2022-10-20
1667982	Danshui	Danshui	淡水	25.17196	121.4429	PPL	TW	03	189271	Asia/Taipei	2026-09-14
1668875	Shulin	Shulin	樹林,樹林区,樹林區	24.99085	121.42199	PPL	TW	03	180044	Asia/Taipei	2026-09-14
1665443	Yuanlin	Yuanlin	員林	23.95671	120.57608	PPL	TW	04	124725	Asia/Taipei	2026-09-14
1670106	Sanxia	Sanxia	三峡区,三峽,三峽区,三峽區	24.93448	121.37139	PPL	TW	03	115185	Asia/Taipei	2022-10-20
1671444	Neili	Neili	內壢	24.9725	121.26139	PPL	TW	04	112845	Asia/Taipei	2026-09-14
1665196	Douliu	Douliu	斗六,斗六市	23.70944	120.54333	PPLA2	TW	04	107924	Asia/Taipei	2025-06-14
1667027	Toufen	Toufen	頭份,頭份市,頭份鎮	24.68753	120.90942	PPL	TW	04	106310	Asia/Taipei	2026-09-14
1671566	Nantou	Nantou	南投,南投市	23.91566	120.66387	PPLA2	TW	04	105682	Asia/Taipei	2024-07-12
1668295	Taitung	Taitung	台東,臺東	22.75991	121.14457	PPLA2	TW	04	103260	Asia/Taipei	2026-09-14
1674504	Hualien City	Hualien City	花蓮市	23.97694	121.60444	PPLA2	TW	04	99458	Asia/Taipei	2025-06-14
1666855	Caotun	Caotun	草屯	23.97699	120.68766	PPL	TW	04	96838	Asia/Taipei	2024-10-29
1677053	Zhudong	Zhudong	竹東	24.73167	121.09083	PPL	TW	04	96518	Asia/Taipei	2025-06-16
1668467	Daxi	Daxi	大溪,大溪區	24.88373	121.29043	PPL	TW	04	94222	Asia/Taipei	2024-07-12
1674199	Yilan	Yilan	宜蘭,宜蘭市	24.757	121.753	PPLA2	TW	04	94188	Asia/Taipei	2017-09-29
1665491	Yingge	Yingge	鶯歌,鶯歌区,鶯歌區	24.95608	121.3507	PPL	TW	03	87920	Asia/Taipei	2022-10-20
1670310	Puli	Puli	埔里,埔里鎮	23.96639	120.96952	PPL	TW	04	86406	Asia/Taipei	2017-09-24
1671971	Miaoli	Miaoli	苗栗	24.56427	120.82367	PPLA2	TW	04	86327	Asia/Taipei	2025-06-16
1668353	Xinying	Xinying	新営区,新營,新營區	23.30694	120.31056	PPLA2	TW	04	74972	Asia/Taipei	2025-06-16
1665892	Wufeng	Wufeng	霧峰,霧峰区,霧峰區	24.0637	120.698	PPL	TW	04	65567	Asia/Taipei	2022-10-20
1672228	Magong	Magong	馬公,马公	23.5654	119.58627	PPLA2	TW	04	63745	Asia/Taipei	2025-06-14
1675281	Xihu	Xihu	溪湖	23.95683	120.47918	PPL	TW	04	54033	Asia/Taipei	2025-11-04
1679047	Chaozhou	Chaozhou	潮洲	22.54987	120.54067	PPL	TW	04	53338	Asia/Taipei	2025-11-04
1666596	Donggang	Donggang	東港	22.46515	120.44927	PPL	TW	04	47746	Asia/Taipei	2022-02-17
1677099	Zhushan	Zhushan	竹山	23.75551	120.68203	PPL	TW	04	44083	Asia/Taipei	2024-10-29
1676914	Erlin	Erlin	二林	23.90054	120.3689	PPL	TW	04	43652	Asia/Taipei	2024-09-28
1670264	Buzi	Buzi	埔子	24.21013	120.5725	PPL	TW	04	40467	Asia/Taipei	2024-10-21
1668347	Taibao	Taibao	太保,太保市	23.45944	120.33222	PPLA2	TW	04	38696	Asia/Taipei	2025-06-14
1678008	Jincheng	Jincheng	晋城,金城	24.43415	118.31712	PPLA	TW	01	37507	Asia/Taipei	2026-04-14
1675232	Xiluo	Xiluo	西螺	23.79891	120.46337	PPL	TW	04	37181	Asia/Taipei	2024-09-28
1669506	Shetou	Shetou	社頭	23.89804	120.58831	PPL	TW	04	36565	Asia/Taipei	2024-10-29
1665259	Yongjing	Yongjing	永靖	23.92148	120.54594	PPL	TW	04	35365	Asia/Taipei	2024-10-29
1667471	Tianzhong	Tianzhong	田中	23.85808	120.5857	PPL	TW	04	34903	Asia/Taipei	2024-09-28
1670826	Beigang	Beigang	北港	23.5701	120.30162	PPL	TW	04	33300	Asia/Taipei	2024-09-28
1670697	Beidou	Beidou	北斗	23.87292	120.52426	PPL	TW	04	33289	Asia/Taipei	2024-10-29
1675170	Jinhu	Jinhu		24.43944	118.42111	PPL	TW	01	30826	Asia/Taipei	2024-10-25
1674975	Xingang	Xingang	新港	23.55736	120.34603	PPL	TW	04	30543	Asia/Taipei	2025-12-11
1676242	Hengchun	Hengchun	恆春鎮,恒春,恒春鎮	22.00417	120.74389	PPLA3	TW	04	29702	Asia/Taipei	2025-06-16
1670436	Pitou	Pitou	埤頭	23.895	120.47858	PPL	TW	04	29314	Asia/Taipei	2024-10-29
1676682	Xizhou	Xizhou	溪洲	24.27667	120.68917	PPL	TW	04	28597	Asia/Taipei	2024-10-29
1667121	Tianwei	Tianwei	田尾	23.8927	120.524	PPL	TW	04	26063	Asia/Taipei	2024-10-29
7601921	Zhongxing New Village	Zhongxing New Village	中興新村	23.95908	120.68516	PPLA	TW	04	25549	Asia/Taipei	2026-04-14
1676909	Erlun	Erlun	二崙	23.77045	120.4134	PPL	TW	04	25183	Asia/Taipei	2026-06-30
1666323	Citong	Citong	莿桐	23.75751	120.49965	PPL	TW	04	24998	Asia/Taipei	2024-10-29
1670157	Sanzhi	Sanzhi	三芝,三芝区,三芝區	25.25782	121.50182	PPL	TW	03	23452	Asia/Taipei	2024-07-12
1670295	Budai	Budai	布袋	23.37795	120.16154	PPL	TW	04	19268	Asia/Taipei	2024-09-28
1672551	Lugu	Lugu	鹿谷	23.74639	120.7525	PPL	TW	04	17746	Asia/Taipei	2024-07-12
1674615	Xiulin	Xiulin	秀林	24.12019	121.6263	PPL	TW	04	17068	Asia/Taipei	2025-12-11
1672869	Linnei	Linnei	林內	23.7615	120.61885	PPL	TW	04	16856	Asia/Taipei	2024-10-29
1665357	Yujing	Yujing	玉井	23.12493	120.46138	PPL	TW	04	16597	Asia/Taipei	2024-07-12
5128581	New York City	New York City	紐約,紐約市	40.71427	-74.00597	PPL	US	NY	8804190	America/New_York	2026-03-07
5368361	Los Angeles	Los Angeles	洛杉矶,洛杉磯	34.05223	-118.24368	PPLA2	US	CA	3820914	America/Los_Angeles	2025-07-22
4887398	Chicago	Chicago	芝加哥	41.85003	-87.65005	PPLA2	US	IL	2664452	America/Chicago	2025-06-21
4699066	Houston	Houston	休斯敦,休斯頓,休斯顿,侯斯頓	29.76328	-95.36327	PPLA2	US	TX	2314157	America/Chicago	2025-05-08
5308655	Phoenix	Phoenix	凤凰城,鳳凰城	33.44838	-112.07404	PPLA	US	AZ	1650070	America/Phoenix	2026-04-14
4560349	Philadelphia	Philadelphia	費城,费城	39.95238	-75.16362	PPLA2	US	PA	1573916	America/New_York	2025-04-14
4726206	San Antonio	San Antonio	圣安东尼奥,聖安東尼奧	29.42412	-98.49363	PPLA2	US	TX	1526656	America/Chicago	2025-06-25
5391811	San Diego	San Diego	聖地牙哥	32.71571	-117.16472	PPLA2	US	CA	1404452	America/Los_Angeles	2025-06-25
4684888	Dallas	Dallas	達拉斯	32.78306	-96.80667	PPLA2	US	TX	1326087	America/Chicago	2025-06-25
4160021	Jacksonville	Jacksonville	杰克逊维尔	30.33218	-81.65565	PPLA2	US	FL	1009833	America/New_York	2025-06-25
4691930	Fort Worth	Fort Worth	沃思堡	32.72541	-97.32085	PPLA2	US	TX	1008106	America/Chicago	2025-06-25
5392171	San Jose	San Jose	聖荷西	37.33939	-121.89496	PPLA2	US	CA	997368	America/Los_Angeles	2025-06-25
4671654	Austin	Austin	奧斯汀,柯士甸	30.26715	-97.74306	PPLA	US	TX	974447	America/Chicago	2026-04-14
4509177	Columbus	Columbus	哥伦布,哥倫布	39.96118	-82.99879	PPLA	US	OH	913175	America/New_York	2026-04-14
4460243	Charlotte	Charlotte	夏洛特	35.22709	-80.84313	PPLA2	US	NC	911311	America/New_York	2025-06-25
4259418	Indianapolis	Indianapolis	印第安納波利斯	39.76838	-86.15804	PPLA	US	IN	887642	America/Indiana/Indianapolis	2026-08-14
5391959	San Francisco	San Francisco	三藩市,旧金山,舊金山	37.77493	-122.41942	PPLA2	US	CA	827526	America/Los_Angeles	2025-07-22
5809844	Seattle	Seattle	西雅圖	47.60621	-122.33207	PPLA2	US	WA	780995	America/Los_Angeles	2025-06-25
5419384	Denver	Denver	丹佛	39.73915	-104.9847	PPLA	US	CO	729019	America/Denver	2026-04-14
4140963	Washington	Washington	华盛顿特区	38.89511	-77.03637	PPLC	US	DC	689545	America/New_York	2026-06-12
4644585	Nashville	Nashville	納殊維爾,纳什维尔	36.16589	-86.78444	PPLA	US	TN	689447	America/Chicago	2026-04-14
4544349	Oklahoma City	Oklahoma City	俄克拉荷馬城,奧克拉荷馬市	35.46756	-97.51643	PPLA	US	OK	681054	America/Chicago	2026-04-14
5520993	El Paso	El Paso	艾爾帕索	31.75872	-106.48693	PPLA2	US	TX	678815	America/Denver	2025-06-25
4930956	Boston	Boston	波士頓,波士顿	42.35843	-71.05977	PPLA	US	MA	653833	America/New_York	2026-04-14
5746545	Portland	Portland	波特蘭	45.52345	-122.67621	PPLA2	US	OR	652503	America/Los_Angeles	2025-06-25
4990729	Detroit	Detroit	底特律	42.33143	-83.04575	PPLA2	US	MI	645705	America/Detroit	2025-06-25
5506956	Las Vegas	Las Vegas	拉斯維加斯,拉斯维加斯	36.17497	-115.13722	PPLA2	US	NV	641903	America/Los_Angeles	2025-06-25
4641239	Memphis	Memphis	孟菲斯,孟非斯	35.14953	-90.04898	PPLA2	US	TN	633104	America/Chicago	2025-07-15
4299276	Louisville	Louisville	路易維爾	38.25424	-85.75941	PPLA2	US	KY	624444	America/Kentucky/Louisville	2025-04-14
4347778	Baltimore	Baltimore	巴爾的摩	39.29038	-76.61219	PPLA2	US	MD	585708	America/New_York	2025-07-24
5454711	Albuquerque	Albuquerque	阿布奎基	35.08449	-106.65114	PPLA2	US	NM	564559	America/Denver	2026-01-13
5263045	Milwaukee	Milwaukee	密尔沃基,密爾沃基	43.0389	-87.90647	PPLA2	US	WI	563531	America/Chicago	2025-06-25
5318313	Tucson	Tucson	图森	32.22174	-110.92648	PPLA2	US	AZ	542629	America/Phoenix	2025-06-25
5350937	Fresno	Fresno	弗雷斯诺	36.74773	-119.77237	PPLA2	US	CA	542107	America/Los_Angeles	2025-06-25
5389489	Sacramento	Sacramento	沙加緬度	38.58157	-121.4944	PPLA	US	CA	524943	America/Los_Angeles	2026-04-14
4180439	Atlanta	Atlanta	亚特兰大,亞特蘭大	33.749	-84.38798	PPLA	US	GA	510823	America/New_York	2026-04-14
4164138	Miami	Miami	迈阿密,邁亞美,邁阿密	25.77427	-80.19366	PPLA2	US	FL	487014	America/New_York	2025-06-25
5074472	Omaha	Omaha	奥马哈	41.25626	-95.94043	PPLA2	US	NE	486051	America/Chicago	2025-06-25
4487042	Raleigh	Raleigh	罗利	35.7721	-78.63861	PPLA	US	NC	482295	America/New_York	2026-04-14
4393217	Kansas City	Kansas City	堪薩斯城	39.09973	-94.57857	PPL	US	MO	475378	America/Chicago	2024-07-07
1566083	Ho Chi Minh City	Ho Chi Minh City	胡志明市	10.82302	106.62965	PPL	VN	79	14002598	Asia/Ho_Chi_Minh	2025-10-19
1581130	Hanoi	Hanoi	河內,河內市	21.0245	105.84117	PPLC	VN	01	8053663	Asia/Bangkok	2026-05-07
1581298	Haiphong	Haiphong	海防市	20.86481	106.68345	PPLA	VN	31	2625200	Asia/Bangkok	2026-04-14
1586203	Cần Thơ	Can Tho	芹苴市	10.03711	105.78825	PPLA	VN	92	1507187	Asia/Ho_Chi_Minh	2026-04-14
1580240	Huế	Hue	順化,順化市,顺化市	16.4619	107.59546	PPLA	VN	46	1380000	Asia/Bangkok	2026-04-14
1583992	Da Nang	Da Nang	岘港,峴港	16.06778	108.22083	PPLA	VN	48	1276000	Asia/Ho_Chi_Minh	2026-04-14
